{"cameraMode":{"drawMode":0,"name":"Shaded","section":"Shading Mode"},"sceneLighting":true,"audioPlay":false,"sceneViewState":{"showFog":true,"showMaterialUpdate":false,"showSkybox":true,"showFlares":true,"showImageEffects":true,"showParticleSystems":true},"in2DMode":false,"pivot":{"x":-16.899412155151368,"y":-1.2900238037109376,"z":-4.650604248046875},"rotation":{"x":0.03304115682840347,"y":-0.884041428565979,"z":0.46193137764930727,"w":0.06323329359292984},"size":223.10794067382813,"orthographic":false}