{"cameraMode":{"drawMode":0,"name":"Shaded","section":"Shading Mode"},"sceneLighting":false,"audioPlay":false,"sceneViewState":{"showFog":true,"showMaterialUpdate":false,"showSkybox":false,"showFlares":true,"showImageEffects":true,"showParticleSystems":true},"in2DMode":false,"pivot":{"x":-22.280000686645509,"y":5.115216255187988,"z":-1.219996690750122},"rotation":{"x":-0.1629500389099121,"y":-0.8022540807723999,"z":0.2537262439727783,"w":-0.5152268409729004},"size":98.33917236328125,"orthographic":false}