{"cameraMode":{"drawMode":0,"name":"Shaded","section":"Shading Mode"},"sceneLighting":true,"audioPlay":false,"sceneViewState":{"showFog":true,"showMaterialUpdate":false,"showSkybox":true,"showFlares":true,"showImageEffects":true,"showParticleSystems":true},"in2DMode":false,"pivot":{"x":53.55113983154297,"y":27.987781524658204,"z":41.99925231933594},"rotation":{"x":-0.20841887593269349,"y":0.784390926361084,"z":-0.34888193011283877,"w":-0.46858713030815127},"size":82.39701080322266,"orthographic":false}