{"cameraMode":{"drawMode":0,"name":"Shaded","section":"Shading Mode"},"sceneLighting":true,"audioPlay":false,"sceneViewState":{"showFog":true,"showMaterialUpdate":false,"showSkybox":true,"showFlares":true,"showImageEffects":true,"showParticleSystems":true},"in2DMode":false,"pivot":{"x":-197.4131622314453,"y":-280.19378662109377,"z":-146.61537170410157},"rotation":{"x":-0.19778573513031007,"y":0.8004160523414612,"z":-0.3690311014652252,"w":-0.4289884567260742},"size":747.7756958007813,"orthographic":false}