{"cameraMode":{"drawMode":0,"name":"Shaded","section":"Shading Mode"},"sceneLighting":true,"audioPlay":false,"sceneViewState":{"showFog":true,"showMaterialUpdate":false,"showSkybox":true,"showFlares":true,"showImageEffects":true,"showParticleSystems":true},"in2DMode":false,"pivot":{"x":-51.989891052246097,"y":-51.36732864379883,"z":35.118160247802737},"rotation":{"x":-0.3391740322113037,"y":0.33496811985969546,"z":-0.1306942105293274,"w":-0.8692965507507324},"size":260.3086853027344,"orthographic":false}