{"cameraMode":{"drawMode":0,"name":"Shaded","section":"Shading Mode"},"sceneLighting":true,"audioPlay":false,"sceneViewState":{"showFog":true,"showMaterialUpdate":false,"showSkybox":true,"showFlares":true,"showImageEffects":true,"showParticleSystems":true},"in2DMode":false,"pivot":{"x":-240.4356231689453,"y":-258.1515197753906,"z":-58.362060546875},"rotation":{"x":-0.25803953409194949,"y":0.7160828709602356,"z":-0.331452876329422,"w":-0.5574764013290405},"size":591.1268310546875,"orthographic":false}