{"cameraMode":{"drawMode":0,"name":"Shaded","section":"Shading Mode"},"sceneLighting":true,"audioPlay":false,"sceneViewState":{"showFog":true,"showMaterialUpdate":false,"showSkybox":true,"showFlares":true,"showImageEffects":true,"showParticleSystems":true},"in2DMode":false,"pivot":{"x":18.85895538330078,"y":-78.33142852783203,"z":14.674772262573243},"rotation":{"x":0.11962948739528656,"y":0.7494287490844727,"z":-0.6357339024543762,"w":0.14102402329444886},"size":334.9250793457031,"orthographic":false}